{"cameraMode":{"drawMode":0,"name":"Shaded","section":"Shading Mode"},"sceneLighting":false,"audioPlay":false,"sceneViewState":{"m_AlwaysRefresh":false,"showFog":true,"showSkybox":true,"showFlares":true,"showImageEffects":true,"showParticleSystems":true,"showVisualEffectGraphs":true,"m_FxEnabled":true},"in2DMode":false,"pivot":{"x":108.42562866210938,"y":188.49996948242188,"z":-19.43951416015625},"rotation":{"x":-0.01063013356178999,"y":0.4162163734436035,"z":0.004862709436565638,"w":0.9091936349868774},"size":425.0926818847656,"orthographic":false}