{"cameraMode":{"drawMode":0,"name":"Shaded","section":"Shading Mode"},"sceneLighting":true,"audioPlay":false,"sceneViewState":{"m_AlwaysRefresh":false,"showFog":true,"showSkybox":true,"showFlares":true,"showImageEffects":true,"showParticleSystems":true,"showVisualEffectGraphs":true,"m_FxEnabled":true},"in2DMode":false,"pivot":{"x":-27.013717651367189,"y":182.82565307617188,"z":72.8245849609375},"rotation":{"x":0.13849987089633943,"y":0.24390527606010438,"z":-0.03521732985973358,"w":0.9592113494873047},"size":257.5107727050781,"orthographic":false}