{"cameraMode":{"drawMode":0,"name":"Shaded","section":"Shading Mode"},"sceneLighting":false,"audioPlay":false,"sceneViewState":{"m_AlwaysRefresh":false,"showFog":true,"showSkybox":false,"showFlares":true,"showImageEffects":true,"showParticleSystems":true,"showVisualEffectGraphs":true,"m_FxEnabled":true},"in2DMode":false,"pivot":{"x":109.01861572265625,"y":189.58090209960938,"z":-18.916242599487306},"rotation":{"x":0.12645232677459718,"y":0.24318617582321168,"z":-0.031997837126255038,"w":0.9611726403236389},"size":97.64925384521485,"orthographic":false}